[{
  "cmp_name": "IKEA Zaragoza",
  "cmp_short_name": "Zaragoza",
  "latitude": "41.6075",
  "longitude": "-0.8916",
  "opening_date": "2007-05-22 00:00:00.000000 UTC"
}, {
  "cmp_name": "IKEA Malaga",
  "cmp_short_name": "Málaga",
  "latitude": "36.6583",
  "longitude": "-4.4825",
  "opening_date": "2007-10-30 00:00:00.000000 UTC"
}, {
  "cmp_name": "IKEA A Coruña",
  "cmp_short_name": "A Coruña",
  "latitude": "43.3483",
  "longitude": "-8.4228",
  "opening_date": "2010-07-20 00:00:00.000000 UTC"
}, {
  "cmp_name": "IKEA Jerez",
  "cmp_short_name": "Jerez",
  "latitude": "36.6974",
  "longitude": "-6.1622",
  "opening_date": "2010-04-20 00:00:00.000000 UTC"
}, {
  "cmp_name": "City Shop Goya",
  "cmp_short_name": null,
  "latitude": "40.4258",
  "longitude": "-3.6829",
  "opening_date": "2018-07-10 00:00:00.000000 UTC"
}, {
  "cmp_name": "IKEA Barcelona - Badalona",
  "cmp_short_name": "Badalona",
  "latitude": "41.459",
  "longitude": "2.2242",
  "opening_date": "1996-05-15 00:00:00.000000 UTC"
}, {
  "cmp_name": "IKEA Granada",
  "cmp_short_name": "Granada",
  "latitude": "37.2126",
  "longitude": "-3.6171",
  "opening_date": "2018-12-01 00:00:00.000000 UTC"
}, {
  "cmp_name": "IKEA Bilbao - Barakaldo",
  "cmp_short_name": "Barakaldo",
  "latitude": "43.2921",
  "longitude": "-3.0072",
  "opening_date": "2005-03-01 00:00:00.000000 UTC"
}, {
  "cmp_name": "IKEA Barcelona - Hospitalet, Gran Via",
  "cmp_short_name": "Hospitalet (Gran Vía)",
  "latitude": "41.3549",
  "longitude": "2.1238",
  "opening_date": "2003-04-24 00:00:00.000000 UTC"
}, {
  "cmp_name": "IKEA Barcelona - Sabadell",
  "cmp_short_name": "Sabadell",
  "latitude": "41.5105",
  "longitude": "2.1068",
  "opening_date": "2012-12-04 00:00:00.000000 UTC"
}, {
  "cmp_name": "IKEA Sevilla",
  "cmp_short_name": "Sevilla",
  "latitude": "37.3839",
  "longitude": "-6.0472",
  "opening_date": "2004-01-21 00:00:00.000000 UTC"
}, {
  "cmp_name": "IKEA Tarragona",
  "cmp_short_name": "Tarragona",
  "latitude": "41.126",
  "longitude": "1.2038",
  "opening_date": "2020-06-05 00:00:00.000000 UTC"
}, {
  "cmp_name": "IKEA Valladolid",
  "cmp_short_name": "Valladolid",
  "latitude": "41.6219",
  "longitude": "-4.7959",
  "opening_date": "2011-12-20 00:00:00.000000 UTC"
}, {
  "cmp_name": "IKEA Madrid - Ensanche de Vallecas",
  "cmp_short_name": "Ensanche de Vallecas",
  "latitude": "40.3696",
  "longitude": "-3.5965",
  "opening_date": "2007-08-07 00:00:00.000000 UTC"
}, {
  "cmp_name": "IKEA Asturias",
  "cmp_short_name": "Asturias",
  "latitude": "43.3882",
  "longitude": "-5.8058",
  "opening_date": "2005-06-07 00:00:00.000000 UTC"
}, {
  "cmp_name": "IKEA Madrid - Alcorcon",
  "cmp_short_name": "Alcorcon",
  "latitude": "40.3439",
  "longitude": "-3.8525",
  "opening_date": "1996-09-25 00:00:00.000000 UTC"
}, {
  "cmp_name": "IKEA Madrid - Alcorcon",
  "cmp_short_name": "Alcorcón",
  "latitude": "40.3611",
  "longitude": "-3.807",
  "opening_date": "2016-06-22 00:00:00.000000 UTC"
}, {
  "cmp_name": "IKEA Murcia",
  "cmp_short_name": "Murcia",
  "latitude": "38.0276",
  "longitude": "-1.1461",
  "opening_date": "2006-02-28 00:00:00.000000 UTC"
}, {
  "cmp_name": "IKEA Valencia - Alfafar",
  "cmp_short_name": "Valencia (Alfafar)",
  "latitude": "39.4169",
  "longitude": "-0.4",
  "opening_date": "2014-06-17 00:00:00.000000 UTC"
}, {
  "cmp_name": "IKEA Madrid - San Sebastián de los Reyes",
  "cmp_short_name": "San Sebastián de los Reyes",
  "latitude": "40.5461",
  "longitude": "-3.6119",
  "opening_date": "1999-04-14 00:00:00.000000 UTC"
}]